Sarvis	Shawanna	shawanna.sarvis.18
Meli	Alessandra	alessandra.meli.18
Korhonen	Elroy	elroy.korhonen.18
Hyde	Deloris	deloris.hyde.18
Haight	Allegra	allegra.haight.18
Hussey	Deborah	deborah.hussey.18
Chicoine	Rex	rex.chicoine.18
Lehrman	Jonah	jonah.lehrman.18
Selby	Sylvie	sylvie.selby.18
Remus	Jonna	jonna.remus.18
Schermerhorn	Marvin	marvin.schermerhorn.18
Bettis	Armand	armand.bettis.18
Oehler	Shemika	shemika.oehler.18
Neider	Lorrie	lorrie.neider.18
Horton	Suzi	suzi.horton.18
Lovelace	Vania	vania.lovelace.18
Lindsley	Johnsie	johnsie.lindsley.18
Foreman	Alissa	alissa.foreman.18
Evelyn	Rudolf	rudolf.evelyn.18
Mcglasson	Rosemarie	rosemarie.mcglasson.18
Jansen	Delmy	delmy.jansen.18
Arguello	Merideth	merideth.arguello.18
Grazier	Shanita	shanita.grazier.18
Price	Elijah	elijah.price.18
Knarr	Nigel	nigel.knarr.18
Etchison	Rutha	rutha.etchison.18
Gregoire	Edra	edra.gregoire.18
Height	Cristy	cristy.height.18
Stankiewicz	Marilu	marilu.stankiewicz.18
Mcalexander	Jarrett	jarrett.mcalexander.18
Spohn	Virgie	virgie.spohn.18
Venzon	Miguelina	miguelina.venzon.18
Giberson	Jasper	jasper.giberson.18
Scianna	Kai	kai.scianna.18
Bonham	Kizzie	kizzie.bonham.18
Kanner	Majorie	majorie.kanner.18
Erikson	Clora	clora.erikson.18
Shepardson	Lyda	lyda.shepardson.18
Millar	Beverlee	beverlee.millar.18
Giordano	Oda	oda.giordano.18
Pollitt	Jo	jo.pollitt.18
Pelchat	Iesha	iesha.pelchat.18
Phinney	Lanora	lanora.phinney.18
Vallejo	Ria	ria.vallejo.18
Roiger	Charisse	charisse.roiger.18
Francoeur	Theola	theola.francoeur.18
Gutierrez	Roxie	roxie.gutierrez.18
Crossland	Kathryn	kathryn.crossland.18
Cato	Jaime	jaime.cato.18
Belfield	Alecia	alecia.belfield.18
Belle	Nicolette	nicolette.belle.18
Elks	Lu	lu.elks.18
Stermer	Joanie	joanie.stermer.18
Severa	Daron	daron.severa.18
Wooton	Salena	salena.wooton.18
Crago	Jacalyn	jacalyn.crago.18
Einhorn	Jackeline	jackeline.einhorn.18
Constantine	Jill	jill.constantine.18
Lemanski	Kara	kara.lemanski.18
Aikin	Clifford	clifford.aikin.18
Trivedi	Buena	buena.trivedi.18
Mattes	Lacy	lacy.mattes.18
Monks	Keven	keven.monks.18
Taniguchi	Allie	allie.taniguchi.18
Murrell	Iesha	iesha.murrell.18
Hallam	Mandie	mandie.hallam.18
Ellery	Melvin	melvin.ellery.18
Lank	Scottie	scottie.lank.18
Castelli	Sanda	sanda.castelli.18
Truesdale	Ludie	ludie.truesdale.18
Durr	Kerri	kerri.durr.18
Goss	Donnetta	donnetta.goss.18
Aumick	Magaret	magaret.aumick.18
Tardiff	Tatiana	tatiana.tardiff.18
Guess	Gilma	gilma.guess.18
Willems	Winfred	winfred.willems.18
Mahr	Marchelle	marchelle.mahr.18
Dries	Ivana	ivana.dries.18
Busse	Laquita	laquita.busse.18
Sward	Tawanda	tawanda.sward.18
Byer	Lekisha	lekisha.byer.18
Neitzel	Velva	velva.neitzel.18
Wasser	Taylor	taylor.wasser.18
Dunstan	Conception	conception.dunstan.18
Moshier	Sherwood	sherwood.moshier.18
Cothran	Elizabeth	elizabeth.cothran.18
Grill	Izetta	izetta.grill.18
Ogren	Irwin	irwin.ogren.18
Slover	Krystin	krystin.slover.18
Demaria	Nobuko	nobuko.demaria.18
Tienda	Georgia	georgia.tienda.18
Eklund	Sergio	sergio.eklund.18
Provencal	Adriene	adriene.provencal.18
Roundy	Greta	greta.roundy.18
Maroon	Brock	brock.maroon.18
Urso	Twanna	twanna.urso.18
Owings	Garfield	garfield.owings.18
Olague	Dolores	dolores.olague.18
Witzke	Dalia	dalia.witzke.18
Ryles	Tracee	tracee.ryles.18
